[{"model": "admin.logentry", "pk": 1, "fields": {"action_time": "2021-07-19T13:18:46.227Z", "user": 2, "content_type": 28, "object_id": "1", "object_repr": "Ahmed Maher Salam", "action_flag": 1, "change_message": "[{\"added\": {}}]"}}, {"model": "admin.logentry", "pk": 2, "fields": {"action_time": "2021-07-19T13:19:17.241Z", "user": 2, "content_type": 28, "object_id": "2", "object_repr": "Aliaa Fahim Shehap eldeen", "action_flag": 1, "change_message": "[{\"added\": {}}]"}}, {"model": "admin.logentry", "pk": 3, "fields": {"action_time": "2021-08-15T02:07:04.340Z", "user": 2, "content_type": 2, "object_id": "1", "object_repr": "Cost volume Prodfit Analysis", "action_flag": 1, "change_message": "[{\"added\": {}}]"}}, {"model": "admin.logentry", "pk": 4, "fields": {"action_time": "2021-08-16T18:01:38.607Z", "user": 2, "content_type": 15, "object_id": "3", "object_repr": "test", "action_flag": 3, "change_message": ""}}, {"model": "admin.logentry", "pk": 5, "fields": {"action_time": "2021-08-17T18:16:18.965Z", "user": 2, "content_type": 16, "object_id": "7", "object_repr": "img:test", "action_flag": 1, "change_message": "[{\"added\": {}}]"}}, {"model": "admin.logentry", "pk": 6, "fields": {"action_time": "2021-09-10T18:22:39.127Z", "user": 2, "content_type": 34, "object_id": "1", "object_repr": "Category1", "action_flag": 1, "change_message": "[{\"added\": {}}]"}}, {"model": "admin.logentry", "pk": 7, "fields": {"action_time": "2021-09-10T18:22:52.524Z", "user": 2, "content_type": 34, "object_id": "2", "object_repr": "Category2", "action_flag": 1, "change_message": "[{\"added\": {}}]"}}, {"model": "admin.logentry", "pk": 8, "fields": {"action_time": "2021-09-10T18:23:08.524Z", "user": 2, "content_type": 34, "object_id": "3", "object_repr": "Category3", "action_flag": 1, "change_message": "[{\"added\": {}}]"}}, {"model": "admin.logentry", "pk": 9, "fields": {"action_time": "2021-09-11T20:06:51.176Z", "user": 2, "content_type": 39, "object_id": "b2ecdaa9-8836-4b1e-999a-4db638ac58ee", "object_repr": "AYBA", "action_flag": 1, "change_message": "[{\"added\": {}}, {\"added\": {\"name\": \"entity management model\", \"object\": \"EntityManagementModel object (1c122807-2de9-43b8-b792-a80eeb97a562)\"}}]"}}, {"model": "admin.logentry", "pk": 10, "fields": {"action_time": "2021-11-11T16:02:22.270Z", "user": 2, "content_type": 28, "object_id": "2", "object_repr": "Mohamed Ali Ahmed", "action_flag": 2, "change_message": "[{\"changed\": {\"fields\": [\"First name\", \"Last name\", \"Middle name\"]}}]"}}, {"model": "admin.logentry", "pk": 11, "fields": {"action_time": "2022-02-26T14:15:43.209Z", "user": 2, "content_type": 16, "object_id": "9", "object_repr": "img:inventory4", "action_flag": 1, "change_message": "[{\"added\": {}}]"}}, {"model": "admin.logentry", "pk": 12, "fields": {"action_time": "2022-02-26T21:01:05.767Z", "user": 2, "content_type": 15, "object_id": "5", "object_repr": "inventory4", "action_flag": 3, "change_message": ""}}, {"model": "projects.projects", "pk": 1, "fields": {"title": "Cost volume Prodfit Analysis", "summary": "terst", "detail": "<p>Data Analysis</p>", "release_date": "2021-08-15", "tag": "Data Analysis", "img": "media/projects/Screenshot_310.png"}}, {"model": "sole_proprietorship.accounts", "pk": 4, "fields": {"owner": 1, "account": "Cash", "normal_balance": "Debit", "account_type": "Assest", "classification": "Cash"}}, {"model": "sole_proprietorship.accounts", "pk": 5, "fields": {"owner": 1, "account": "Capital", "normal_balance": "Credit", "account_type": "Investment", "classification": null}}, {"model": "sole_proprietorship.accounts", "pk": 6, "fields": {"owner": 1, "account": "Computer equipment", "normal_balance": "Debit", "account_type": "Assest", "classification": "Property, plant, and equipment"}}, {"model": "sole_proprietorship.accounts", "pk": 7, "fields": {"owner": 1, "account": "Supplier", "normal_balance": "Debit", "account_type": "Assest", "classification": "Current Assets"}}, {"model": "sole_proprietorship.accounts", "pk": 8, "fields": {"owner": 1, "account": "Account Payable", "normal_balance": "Credit", "account_type": "liabilities", "classification": "Current liabilities"}}, {"model": "sole_proprietorship.accounts", "pk": 9, "fields": {"owner": 1, "account": "Service Revenue", "normal_balance": "Credit", "account_type": "Revenue", "classification": "Sales"}}, {"model": "sole_proprietorship.accounts", "pk": 10, "fields": {"owner": 1, "account": "Advertise expenses", "normal_balance": "Debit", "account_type": "Expenses", "classification": "Operating Expense"}}, {"model": "sole_proprietorship.accounts", "pk": 11, "fields": {"owner": 1, "account": "Advertise Payable", "normal_balance": "Credit", "account_type": "liabilities", "classification": "Current liabilities"}}, {"model": "sole_proprietorship.accounts", "pk": 12, "fields": {"owner": 1, "account": "Account Receivable", "normal_balance": "Debit", "account_type": "Assest", "classification": "Receivable"}}, {"model": "sole_proprietorship.accounts", "pk": 13, "fields": {"owner": 1, "account": "Office Rent", "normal_balance": "Debit", "account_type": "Expenses", "classification": "Operating Expense"}}, {"model": "sole_proprietorship.accounts", "pk": 14, "fields": {"owner": 1, "account": "Salaries of employee", "normal_balance": "Debit", "account_type": "Expenses", "classification": "Operating Expense"}}, {"model": "sole_proprietorship.accounts", "pk": 15, "fields": {"owner": 1, "account": "Utilities", "normal_balance": "Debit", "account_type": "Expenses", "classification": "Operating Expense"}}, {"model": "sole_proprietorship.accounts", "pk": 16, "fields": {"owner": 1, "account": "Withdrawal", "normal_balance": "Debit", "account_type": "Drawings", "classification": null}}, {"model": "sole_proprietorship.accounts", "pk": 18, "fields": {"owner": 1, "account": "Sales Return and Allowance", "normal_balance": "Debit", "account_type": "Expenses", "classification": "Revenue-Contra"}}, {"model": "sole_proprietorship.accounts", "pk": 19, "fields": {"owner": 1, "account": "Sales Discount", "normal_balance": "Debit", "account_type": "Expenses", "classification": "Revenue-Contra"}}, {"model": "sole_proprietorship.accounts", "pk": 20, "fields": {"owner": 1, "account": "Freight Out", "normal_balance": "Debit", "account_type": "Expenses", "classification": "Operating Expense"}}, {"model": "sole_proprietorship.accounts", "pk": 21, "fields": {"owner": 1, "account": "Inventory", "normal_balance": "Debit", "account_type": "Assest", "classification": "Inventory"}}, {"model": "sole_proprietorship.accounts", "pk": 32, "fields": {"owner": 5, "account": "Cash", "normal_balance": "Debit", "account_type": "Assest", "classification": null}}, {"model": "sole_proprietorship.accounts", "pk": 33, "fields": {"owner": 5, "account": "Capital", "normal_balance": "Credit", "account_type": "Investment", "classification": null}}, {"model": "sole_proprietorship.accounts", "pk": 34, "fields": {"owner": 5, "account": "Computer equipment", "normal_balance": "Debit", "account_type": "Assest", "classification": null}}, {"model": "sole_proprietorship.accounts", "pk": 35, "fields": {"owner": 5, "account": "Supplier", "normal_balance": "Debit", "account_type": "Assest", "classification": null}}, {"model": "sole_proprietorship.accounts", "pk": 36, "fields": {"owner": 5, "account": "Account Payable", "normal_balance": "Credit", "account_type": "liabilities", "classification": null}}, {"model": "sole_proprietorship.accounts", "pk": 37, "fields": {"owner": 5, "account": "Service Revenue", "normal_balance": "Credit", "account_type": "Revenue", "classification": null}}, {"model": "sole_proprietorship.accounts", "pk": 38, "fields": {"owner": 5, "account": "Advertise expenses", "normal_balance": "Debit", "account_type": "Expenses", "classification": null}}, {"model": "sole_proprietorship.accounts", "pk": 39, "fields": {"owner": 5, "account": "Advertise Payable", "normal_balance": "Credit", "account_type": "liabilities", "classification": null}}, {"model": "sole_proprietorship.accounts", "pk": 40, "fields": {"owner": 5, "account": "Account Receivable", "normal_balance": "Debit", "account_type": "Assest", "classification": null}}, {"model": "sole_proprietorship.accounts", "pk": 41, "fields": {"owner": 5, "account": "Office Rent", "normal_balance": "Debit", "account_type": "Expenses", "classification": null}}, {"model": "sole_proprietorship.accounts", "pk": 42, "fields": {"owner": 5, "account": "Salaries of employee", "normal_balance": "Debit", "account_type": "Expenses", "classification": null}}, {"model": "sole_proprietorship.accounts", "pk": 43, "fields": {"owner": 5, "account": "Utilities", "normal_balance": "Debit", "account_type": "Expenses", "classification": null}}, {"model": "sole_proprietorship.accounts", "pk": 44, "fields": {"owner": 5, "account": "Withdrawal", "normal_balance": "Debit", "account_type": "Drawings", "classification": null}}, {"model": "sole_proprietorship.accounts", "pk": 45, "fields": {"owner": 5, "account": "COGS", "normal_balance": "Debit", "account_type": "Expenses", "classification": null}}, {"model": "sole_proprietorship.accounts", "pk": 46, "fields": {"owner": 5, "account": "Sales Return and Allowance", "normal_balance": "Debit", "account_type": "Expenses", "classification": null}}, {"model": "sole_proprietorship.accounts", "pk": 47, "fields": {"owner": 5, "account": "Sales Discount", "normal_balance": "Debit", "account_type": "Expenses", "classification": null}}, {"model": "sole_proprietorship.accounts", "pk": 48, "fields": {"owner": 5, "account": "Freight Out", "normal_balance": "Debit", "account_type": "Expenses", "classification": null}}, {"model": "sole_proprietorship.accounts", "pk": 49, "fields": {"owner": 5, "account": "Inventory", "normal_balance": "Debit", "account_type": "Assest", "classification": null}}, {"model": "sole_proprietorship.accounts", "pk": 51, "fields": {"owner": 6, "account": "yuyughgyugyug", "normal_balance": "Debit", "account_type": "Assest", "classification": null}}, {"model": "sole_proprietorship.accounts", "pk": 52, "fields": {"owner": 6, "account": "Cash", "normal_balance": "Debit", "account_type": "Assest", "classification": null}}, {"model": "sole_proprietorship.accounts", "pk": 53, "fields": {"owner": 6, "account": "Capital", "normal_balance": "Credit", "account_type": "Investment", "classification": null}}, {"model": "sole_proprietorship.accounts", "pk": 54, "fields": {"owner": 6, "account": "Computer equipment", "normal_balance": "Debit", "account_type": "Assest", "classification": null}}, {"model": "sole_proprietorship.accounts", "pk": 55, "fields": {"owner": 6, "account": "Supplier", "normal_balance": "Debit", "account_type": "Assest", "classification": null}}, {"model": "sole_proprietorship.accounts", "pk": 56, "fields": {"owner": 6, "account": "Account Payable2", "normal_balance": "Credit", "account_type": "liabilities", "classification": null}}, {"model": "sole_proprietorship.accounts", "pk": 57, "fields": {"owner": 6, "account": "Service Revenue", "normal_balance": "Credit", "account_type": "Revenue", "classification": null}}, {"model": "sole_proprietorship.accounts", "pk": 58, "fields": {"owner": 6, "account": "Advertise expenses", "normal_balance": "Debit", "account_type": "Expenses", "classification": null}}, {"model": "sole_proprietorship.accounts", "pk": 59, "fields": {"owner": 6, "account": "Advertise Payable", "normal_balance": "Credit", "account_type": "liabilities", "classification": null}}, {"model": "sole_proprietorship.accounts", "pk": 60, "fields": {"owner": 6, "account": "Account Receivable", "normal_balance": "Debit", "account_type": "Assest", "classification": null}}, {"model": "sole_proprietorship.accounts", "pk": 61, "fields": {"owner": 6, "account": "Office Rent", "normal_balance": "Debit", "account_type": "Expenses", "classification": null}}, {"model": "sole_proprietorship.accounts", "pk": 62, "fields": {"owner": 6, "account": "Salaries of employee", "normal_balance": "Debit", "account_type": "Expenses", "classification": null}}, {"model": "sole_proprietorship.accounts", "pk": 63, "fields": {"owner": 6, "account": "Utilities", "normal_balance": "Debit", "account_type": "Expenses", "classification": null}}, {"model": "sole_proprietorship.accounts", "pk": 64, "fields": {"owner": 6, "account": "Withdrawal", "normal_balance": "Debit", "account_type": "Drawings", "classification": null}}, {"model": "sole_proprietorship.accounts", "pk": 65, "fields": {"owner": 6, "account": "COGS", "normal_balance": "Debit", "account_type": "Expenses", "classification": null}}, {"model": "sole_proprietorship.accounts", "pk": 66, "fields": {"owner": 6, "account": "Sales Return and Allowance", "normal_balance": "Debit", "account_type": "Expenses", "classification": null}}, {"model": "sole_proprietorship.accounts", "pk": 67, "fields": {"owner": 6, "account": "Sales Discount", "normal_balance": "Debit", "account_type": "Expenses", "classification": null}}, {"model": "sole_proprietorship.accounts", "pk": 68, "fields": {"owner": 6, "account": "Freight Out", "normal_balance": "Debit", "account_type": "Expenses", "classification": null}}, {"model": "sole_proprietorship.accounts", "pk": 69, "fields": {"owner": 6, "account": "Inventory", "normal_balance": "Debit", "account_type": "Assest", "classification": null}}, {"model": "sole_proprietorship.accounts", "pk": 70, "fields": {"owner": 1, "account": "sales revenue", "normal_balance": "Debit", "account_type": "Revenue", "classification": "Sales"}}, {"model": "sole_proprietorship.accounts", "pk": 71, "fields": {"owner": 1, "account": "COGS", "normal_balance": "Debit", "account_type": "Expenses", "classification": null}}, {"model": "sole_proprietorship.transaction", "pk": 55, "fields": {"date": "2022-02-09", "comment": null, "purchase_inventory": null, "inventory_price": null, "inventory_return": null, "pay_invoice": null, "purchase_allowance": null, "sold_item": null, "sales_return": null, "sales_allowance": null, "received_payment": null, "status": null}}, {"model": "sole_proprietorship.transaction", "pk": 56, "fields": {"date": "2022-02-10", "comment": null, "purchase_inventory": null, "inventory_price": null, "inventory_return": null, "pay_invoice": null, "purchase_allowance": null, "sold_item": null, "sales_return": null, "sales_allowance": null, "received_payment": null, "status": null}}, {"model": "sole_proprietorship.transaction", "pk": 57, "fields": {"date": "2022-02-11", "comment": null, "purchase_inventory": null, "inventory_price": null, "inventory_return": null, "pay_invoice": null, "purchase_allowance": null, "sold_item": null, "sales_return": null, "sales_allowance": null, "received_payment": null, "status": null}}, {"model": "sole_proprietorship.transaction", "pk": 58, "fields": {"date": "2022-02-09", "comment": null, "purchase_inventory": null, "inventory_price": null, "inventory_return": null, "pay_invoice": null, "purchase_allowance": null, "sold_item": null, "sales_return": null, "sales_allowance": null, "received_payment": null, "status": null}}, {"model": "sole_proprietorship.transaction", "pk": 59, "fields": {"date": "2022-02-09", "comment": null, "purchase_inventory": null, "inventory_price": null, "inventory_return": null, "pay_invoice": null, "purchase_allowance": null, "sold_item": null, "sales_return": null, "sales_allowance": null, "received_payment": null, "status": null}}, {"model": "sole_proprietorship.transaction", "pk": 60, "fields": {"date": "2022-02-09", "comment": null, "purchase_inventory": null, "inventory_price": null, "inventory_return": null, "pay_invoice": null, "purchase_allowance": null, "sold_item": null, "sales_return": null, "sales_allowance": null, "received_payment": null, "status": null}}, {"model": "sole_proprietorship.transaction", "pk": 61, "fields": {"date": "2022-02-09", "comment": null, "purchase_inventory": null, "inventory_price": null, "inventory_return": null, "pay_invoice": null, "purchase_allowance": null, "sold_item": null, "sales_return": null, "sales_allowance": null, "received_payment": null, "status": null}}, {"model": "sole_proprietorship.transaction", "pk": 62, "fields": {"date": "2022-02-09", "comment": null, "purchase_inventory": null, "inventory_price": null, "inventory_return": null, "pay_invoice": null, "purchase_allowance": null, "sold_item": null, "sales_return": null, "sales_allowance": null, "received_payment": null, "status": null}}, {"model": "sole_proprietorship.transaction", "pk": 63, "fields": {"date": "2022-02-09", "comment": null, "purchase_inventory": null, "inventory_price": null, "inventory_return": null, "pay_invoice": null, "purchase_allowance": null, "sold_item": null, "sales_return": null, "sales_allowance": null, "received_payment": null, "status": null}}, {"model": "sole_proprietorship.transaction", "pk": 64, "fields": {"date": "2022-02-09", "comment": null, "purchase_inventory": null, "inventory_price": null, "inventory_return": null, "pay_invoice": null, "purchase_allowance": null, "sold_item": null, "sales_return": null, "sales_allowance": null, "received_payment": null, "status": null}}, {"model": "sole_proprietorship.transaction", "pk": 67, "fields": {"date": "2022-02-25", "comment": "purchase inventory inventory1, number of units purchased100", "purchase_inventory": 9, "inventory_price": 10, "inventory_return": null, "pay_invoice": null, "purchase_allowance": null, "sold_item": null, "sales_return": null, "sales_allowance": null, "received_payment": null, "status": 1}}, {"model": "sole_proprietorship.transaction", "pk": 68, "fields": {"date": "2022-02-26", "comment": "purchase inventory inventory2, number of units purchased10", "purchase_inventory": 10, "inventory_price": 11, "inventory_return": null, "pay_invoice": null, "purchase_allowance": null, "sold_item": null, "sales_return": null, "sales_allowance": null, "received_payment": null, "status": 1}}, {"model": "sole_proprietorship.transaction", "pk": 69, "fields": {"date": "2022-02-26", "comment": "return 1 from inventory2 to Ahmed Maher Salam", "purchase_inventory": null, "inventory_price": null, "inventory_return": 2, "pay_invoice": null, "purchase_allowance": null, "sold_item": null, "sales_return": null, "sales_allowance": null, "received_payment": null, "status": 2}}, {"model": "sole_proprietorship.transaction", "pk": 70, "fields": {"date": "2022-02-26", "comment": "return 1 from inventory1 to Ahmed Maher Salam", "purchase_inventory": null, "inventory_price": null, "inventory_return": 3, "pay_invoice": null, "purchase_allowance": null, "sold_item": null, "sales_return": null, "sales_allowance": null, "received_payment": null, "status": 2}}, {"model": "sole_proprietorship.transaction", "pk": 71, "fields": {"date": "2022-02-26", "comment": "return 1 from inventory2 to Ahmed Maher Salam", "purchase_inventory": null, "inventory_price": null, "inventory_return": 4, "pay_invoice": null, "purchase_allowance": null, "sold_item": null, "sales_return": null, "sales_allowance": null, "received_payment": null, "status": 2}}, {"model": "sole_proprietorship.transaction", "pk": 72, "fields": {"date": "2022-02-26", "comment": "Sales Item", "purchase_inventory": null, "inventory_price": null, "inventory_return": null, "pay_invoice": null, "purchase_allowance": null, "sold_item": 23, "sales_return": null, "sales_allowance": null, "received_payment": null, "status": 6}}, {"model": "sole_proprietorship.transaction", "pk": 73, "fields": {"date": "2022-02-26", "comment": "Sales Item", "purchase_inventory": null, "inventory_price": null, "inventory_return": null, "pay_invoice": null, "purchase_allowance": null, "sold_item": 24, "sales_return": null, "sales_allowance": null, "received_payment": null, "status": 6}}, {"model": "sole_proprietorship.transaction", "pk": 75, "fields": {"date": "2021-11-26", "comment": "Sales Item", "purchase_inventory": null, "inventory_price": null, "inventory_return": null, "pay_invoice": null, "purchase_allowance": null, "sold_item": 26, "sales_return": null, "sales_allowance": null, "received_payment": null, "status": 6}}, {"model": "sole_proprietorship.journal", "pk": 132, "fields": {"account": 4, "balance": 15000.0, "transaction_type": "Debit", "transaction": 55}}, {"model": "sole_proprietorship.journal", "pk": 133, "fields": {"account": 5, "balance": 15000.0, "transaction_type": "Credit", "transaction": 55}}, {"model": "sole_proprietorship.journal", "pk": 134, "fields": {"account": 6, "balance": 7000.0, "transaction_type": "Debit", "transaction": 56}}, {"model": "sole_proprietorship.journal", "pk": 135, "fields": {"account": 4, "balance": 7000.0, "transaction_type": "Credit", "transaction": 56}}, {"model": "sole_proprietorship.journal", "pk": 136, "fields": {"account": 7, "balance": 1600.0, "transaction_type": "Debit", "transaction": 57}}, {"model": "sole_proprietorship.journal", "pk": 137, "fields": {"account": 8, "balance": 1600.0, "transaction_type": "Credit", "transaction": 57}}, {"model": "sole_proprietorship.journal", "pk": 138, "fields": {"account": 4, "balance": 1200.0, "transaction_type": "Debit", "transaction": 58}}, {"model": "sole_proprietorship.journal", "pk": 139, "fields": {"account": 9, "balance": 1200.0, "transaction_type": "Credit", "transaction": 58}}, {"model": "sole_proprietorship.journal", "pk": 140, "fields": {"account": 10, "balance": 250.0, "transaction_type": "Debit", "transaction": 59}}, {"model": "sole_proprietorship.journal", "pk": 141, "fields": {"account": 11, "balance": 250.0, "transaction_type": "Credit", "transaction": 59}}, {"model": "sole_proprietorship.journal", "pk": 142, "fields": {"account": 4, "balance": 1500.0, "transaction_type": "Debit", "transaction": 60}}, {"model": "sole_proprietorship.journal", "pk": 143, "fields": {"account": 12, "balance": 2000.0, "transaction_type": "Debit", "transaction": 60}}, {"model": "sole_proprietorship.journal", "pk": 144, "fields": {"account": 9, "balance": 3500.0, "transaction_type": "Credit", "transaction": 60}}, {"model": "sole_proprietorship.journal", "pk": 145, "fields": {"account": 13, "balance": 600.0, "transaction_type": "Debit", "transaction": 61}}, {"model": "sole_proprietorship.journal", "pk": 146, "fields": {"account": 14, "balance": 900.0, "transaction_type": "Debit", "transaction": 61}}, {"model": "sole_proprietorship.journal", "pk": 147, "fields": {"account": 15, "balance": 200.0, "transaction_type": "Debit", "transaction": 61}}, {"model": "sole_proprietorship.journal", "pk": 148, "fields": {"account": 4, "balance": 1700.0, "transaction_type": "Credit", "transaction": 61}}, {"model": "sole_proprietorship.journal", "pk": 149, "fields": {"account": 11, "balance": 250.0, "transaction_type": "Debit", "transaction": 62}}, {"model": "sole_proprietorship.journal", "pk": 150, "fields": {"account": 4, "balance": 250.0, "transaction_type": "Credit", "transaction": 62}}, {"model": "sole_proprietorship.journal", "pk": 151, "fields": {"account": 4, "balance": 600.0, "transaction_type": "Debit", "transaction": 63}}, {"model": "sole_proprietorship.journal", "pk": 152, "fields": {"account": 12, "balance": 600.0, "transaction_type": "Credit", "transaction": 63}}, {"model": "sole_proprietorship.journal", "pk": 153, "fields": {"account": 16, "balance": 1300.0, "transaction_type": "Debit", "transaction": 64}}, {"model": "sole_proprietorship.journal", "pk": 154, "fields": {"account": 4, "balance": 1300.0, "transaction_type": "Credit", "transaction": 64}}, {"model": "sole_proprietorship.journal", "pk": 159, "fields": {"account": 21, "balance": 1000.0, "transaction_type": "Debit", "transaction": 67}}, {"model": "sole_proprietorship.journal", "pk": 160, "fields": {"account": 4, "balance": 1000.0, "transaction_type": "Credit", "transaction": 67}}, {"model": "sole_proprietorship.journal", "pk": 161, "fields": {"account": 21, "balance": 120.0, "transaction_type": "Debit", "transaction": 68}}, {"model": "sole_proprietorship.journal", "pk": 162, "fields": {"account": 4, "balance": 120.0, "transaction_type": "Credit", "transaction": 68}}, {"model": "sole_proprietorship.journal", "pk": 163, "fields": {"account": 21, "balance": 12.0, "transaction_type": "Credit", "transaction": 69}}, {"model": "sole_proprietorship.journal", "pk": 164, "fields": {"account": 4, "balance": 12.0, "transaction_type": "Debit", "transaction": 69}}, {"model": "sole_proprietorship.journal", "pk": 165, "fields": {"account": 21, "balance": 10.0, "transaction_type": "Credit", "transaction": 70}}, {"model": "sole_proprietorship.journal", "pk": 166, "fields": {"account": 4, "balance": 10.0, "transaction_type": "Debit", "transaction": 70}}, {"model": "sole_proprietorship.journal", "pk": 167, "fields": {"account": 21, "balance": 12.0, "transaction_type": "Credit", "transaction": 71}}, {"model": "sole_proprietorship.journal", "pk": 168, "fields": {"account": 4, "balance": 12.0, "transaction_type": "Debit", "transaction": 71}}, {"model": "sole_proprietorship.journal", "pk": 169, "fields": {"account": 4, "balance": 20.0, "transaction_type": "Debit", "transaction": 72}}, {"model": "sole_proprietorship.journal", "pk": 170, "fields": {"account": 70, "balance": 20.0, "transaction_type": "Credit", "transaction": 72}}, {"model": "sole_proprietorship.journal", "pk": 171, "fields": {"account": 71, "balance": 24.0, "transaction_type": "Debit", "transaction": 72}}, {"model": "sole_proprietorship.journal", "pk": 172, "fields": {"account": 21, "balance": 24.0, "transaction_type": "Credit", "transaction": 72}}, {"model": "sole_proprietorship.journal", "pk": 173, "fields": {"account": 12, "balance": 24.0, "transaction_type": "Debit", "transaction": 73}}, {"model": "sole_proprietorship.journal", "pk": 174, "fields": {"account": 70, "balance": 24.0, "transaction_type": "Credit", "transaction": 73}}, {"model": "sole_proprietorship.journal", "pk": 175, "fields": {"account": 71, "balance": 20.0, "transaction_type": "Debit", "transaction": 73}}, {"model": "sole_proprietorship.journal", "pk": 176, "fields": {"account": 21, "balance": 20.0, "transaction_type": "Credit", "transaction": 73}}, {"model": "sole_proprietorship.journal", "pk": 181, "fields": {"account": 12, "balance": 28.0, "transaction_type": "Debit", "transaction": 75}}, {"model": "sole_proprietorship.journal", "pk": 182, "fields": {"account": 70, "balance": 28.0, "transaction_type": "Credit", "transaction": 75}}, {"model": "sole_proprietorship.journal", "pk": 183, "fields": {"account": 71, "balance": 24.0, "transaction_type": "Debit", "transaction": 75}}, {"model": "sole_proprietorship.journal", "pk": 184, "fields": {"account": 21, "balance": 24.0, "transaction_type": "Credit", "transaction": 75}}, {"model": "sole_proprietorship.reportingperiodconfig", "pk": 1, "fields": {"start_date": "2022-01-01", "end_date": "2022-12-31", "company_name": "Ahmed"}}, {"model": "sole_proprietorship.reportingperiodconfig", "pk": 3, "fields": {"start_date": "2021-01-01", "end_date": "2021-12-31", "company_name": "demo"}}, {"model": "Customers_Sales.customer", "pk": 1, "fields": {"owner": 1, "first_name": "Ahmed", "last_name": "Salam", "middle_name": null, "account_number": null, "prospect": false, "inactive": false, "customer_type": null}}, {"model": "Customers_Sales.customer", "pk": 3, "fields": {"owner": 3, "first_name": "Mohamed", "last_name": "Ibrahim", "middle_name": "ALi", "account_number": null, "prospect": false, "inactive": false, "customer_type": null}}, {"model": "Customers_Sales.customeremail", "pk": 1, "fields": {"customer": 1, "email": "ahmed0salam22@gmail.com"}}, {"model": "Customers_Sales.customeremail", "pk": 3, "fields": {"customer": 3, "email": ""}}, {"model": "Customers_Sales.customeraddress", "pk": 1, "fields": {"customer": 1, "address1": null, "address2": null, "zip_code": null, "city": null, "country": "EG"}}, {"model": "Customers_Sales.customeraddress", "pk": 3, "fields": {"customer": 3, "address1": null, "address2": null, "zip_code": null, "city": null, "country": null}}, {"model": "Customers_Sales.customernote", "pk": 1, "fields": {"customer": 1, "note": ""}}, {"model": "Customers_Sales.customernote", "pk": 3, "fields": {"customer": 3, "note": ""}}, {"model": "inventory.paymentsalesterm", "pk": 4, "fields": {"owner": 1, "config": "term1", "terms": 0, "num_of_days_due": 0, "discount_in_days": 0, "discount_percentage": 0.0, "cash_account": 4, "accounts_payable": 8, "freight_in_account": 4, "freight_out_account": 20, "pay_freight_out": 1, "COGS": 71, "sales_revenue": 70, "accounts_receivable": 12, "sales_return": 18, "sales_allowance": 18, "sales_discount": 19}}, {"model": "inventory.paymentsalesterm", "pk": 5, "fields": {"owner": 1, "config": "term2", "terms": 3, "num_of_days_due": 0, "discount_in_days": 0, "discount_percentage": 0.0, "cash_account": 4, "accounts_payable": 8, "freight_in_account": 4, "freight_out_account": 20, "pay_freight_out": 1, "COGS": 71, "sales_revenue": 70, "accounts_receivable": 12, "sales_return": 18, "sales_allowance": 18, "sales_discount": 19}}, {"model": "inventory.inventory", "pk": 1, "fields": {"owner": 1, "item_name": "inventory1", "description": "inventory1inventory1inventory1inventory1inventory1inventory1inventory1inventory1inventory1inventory1", "general_ledeger_account": 21}}, {"model": "inventory.inventory", "pk": 2, "fields": {"owner": 1, "item_name": "inventory2", "description": "inventory2inventory2inventory2inventory2inventory2inventory2inventory2inventory2inventory2inventory2inventory2inventory2inventory2", "general_ledeger_account": 21}}, {"model": "inventory.inventory", "pk": 4, "fields": {"owner": 1, "item_name": "test", "description": "tst", "general_ledeger_account": 21}}, {"model": "inventory.inventoryimag", "pk": 1, "fields": {"inventory": 1, "img": "inventory/inventory_imgs/user_ahmed/inventory1/2021-07-19_132028.7436950000WIN_20200102__GqwsNO2.jpg"}}, {"model": "inventory.inventoryimag", "pk": 2, "fields": {"inventory": 1, "img": "inventory/inventory_imgs/user_ahmed/inventory1/2021-07-19_132029.0585370000WIN_20190414__2b4B83F.jpg"}}, {"model": "inventory.inventoryimag", "pk": 3, "fields": {"inventory": 2, "img": "inventory/inventory_imgs/user_ahmed/inventory2/2021-07-19_132146.1027570000Screenshot_1.png"}}, {"model": "inventory.inventoryimag", "pk": 4, "fields": {"inventory": 2, "img": "inventory/inventory_imgs/user_ahmed/inventory2/2021-07-19_132146.2277890000Screenshot_21.png"}}, {"model": "inventory.inventoryimag", "pk": 6, "fields": {"inventory": 4, "img": "inventory/inventory_imgs/user_ahmed/test/2021-08-16_175837.8575660000Screenshot_595.png"}}, {"model": "inventory.inventoryimag", "pk": 7, "fields": {"inventory": 4, "img": "inventory/inventory_imgs/user_ahmed/test/2021-08-17_181618.7257870000Screenshot_28.png"}}, {"model": "inventory.purchaseinventory", "pk": 9, "fields": {"status": 1, "owner": 1, "purchase_date": "2022-02-25", "due_date": null, "supplier": 1, "term": 4, "frieght_in": 0.0, "num_returend": 1, "cost_returned": 10.0, "total_purchases": 1000.0, "net_purchases": 990.0, "total_amount_paid": 1000.0, "allowance": 0.0}}, {"model": "inventory.purchaseinventory", "pk": 10, "fields": {"status": 1, "owner": 1, "purchase_date": "2022-02-26", "due_date": null, "supplier": 1, "term": 4, "frieght_in": 0.0, "num_returend": 2, "cost_returned": 24.0, "total_purchases": 120.0, "net_purchases": 96.0, "total_amount_paid": 120.0, "allowance": 0.0}}, {"model": "inventory.inventoryprice", "pk": 10, "fields": {"inventory": 1, "cost_per_unit": 10.0, "number_of_unit": 100, "purchase_inventory": 9}}, {"model": "inventory.inventoryprice", "pk": 11, "fields": {"inventory": 2, "cost_per_unit": 12.0, "number_of_unit": 10, "purchase_inventory": 10}}, {"model": "inventory.inventoryreturn", "pk": 2, "fields": {"inventory_price": 11, "date": "2022-02-26", "num_returned": 1}}, {"model": "inventory.inventoryreturn", "pk": 3, "fields": {"inventory_price": 10, "date": "2022-02-26", "num_returned": 1}}, {"model": "inventory.inventoryreturn", "pk": 4, "fields": {"inventory_price": 11, "date": "2022-02-26", "num_returned": 1}}, {"model": "inventory.sale", "pk": 25, "fields": {"customer": 1, "owner": 1, "term": 4, "frieght_out": 0.0, "sales_date": "2022-02-26", "due_date": null}}, {"model": "inventory.sale", "pk": 26, "fields": {"customer": 1, "owner": 1, "term": 5, "frieght_out": 0.0, "sales_date": "2022-02-26", "due_date": "2022-02-28"}}, {"model": "inventory.sale", "pk": 28, "fields": {"customer": 1, "owner": 1, "term": 5, "frieght_out": 0.0, "sales_date": "2021-11-26", "due_date": "2021-11-30"}}, {"model": "inventory.sold_item", "pk": 23, "fields": {"sale": 25, "item": 11, "sale_price": 10.0, "quantity": 2.0}}, {"model": "inventory.sold_item", "pk": 24, "fields": {"sale": 26, "item": 10, "sale_price": 12.0, "quantity": 2.0}}, {"model": "inventory.sold_item", "pk": 26, "fields": {"sale": 28, "item": 11, "sale_price": 14.0, "quantity": 2.0}}, {"model": "suppliers.supplier", "pk": 1, "fields": {"owner": 1, "first_name": "Ahmed", "last_name": "Salam", "middle_name": "Maher"}}, {"model": "suppliers.supplier", "pk": 2, "fields": {"owner": 1, "first_name": "Mohamed", "last_name": "Ahmed", "middle_name": "Ali"}}, {"model": "suppliers.supplier", "pk": 3, "fields": {"owner": 3, "first_name": "Ahmed", "last_name": "Salam", "middle_name": "Maher"}}, {"model": "suppliers.supplier", "pk": 7, "fields": {"owner": 1, "first_name": "rana", "last_name": "fgh", "middle_name": "rdty"}}, {"model": "suppliers.supplier", "pk": 8, "fields": {"owner": 1, "first_name": "test", "last_name": "test", "middle_name": "test"}}, {"model": "auth.permission", "pk": 1, "fields": {"name": "Can add log entry", "content_type": 1, "codename": "add_logentry"}}, {"model": "auth.permission", "pk": 2, "fields": {"name": "Can change log entry", "content_type": 1, "codename": "change_logentry"}}, {"model": "auth.permission", "pk": 3, "fields": {"name": "Can delete log entry", "content_type": 1, "codename": "delete_logentry"}}, {"model": "auth.permission", "pk": 4, "fields": {"name": "Can view log entry", "content_type": 1, "codename": "view_logentry"}}, {"model": "auth.permission", "pk": 5, "fields": {"name": "Can add Project", "content_type": 2, "codename": "add_projects"}}, {"model": "auth.permission", "pk": 6, "fields": {"name": "Can change Project", "content_type": 2, "codename": "change_projects"}}, {"model": "auth.permission", "pk": 7, "fields": {"name": "Can delete Project", "content_type": 2, "codename": "delete_projects"}}, {"model": "auth.permission", "pk": 8, "fields": {"name": "Can view Project", "content_type": 2, "codename": "view_projects"}}, {"model": "auth.permission", "pk": 9, "fields": {"name": "Can add Account", "content_type": 3, "codename": "add_accounts"}}, {"model": "auth.permission", "pk": 10, "fields": {"name": "Can change Account", "content_type": 3, "codename": "change_accounts"}}, {"model": "auth.permission", "pk": 11, "fields": {"name": "Can delete Account", "content_type": 3, "codename": "delete_accounts"}}, {"model": "auth.permission", "pk": 12, "fields": {"name": "Can view Account", "content_type": 3, "codename": "view_accounts"}}, {"model": "auth.permission", "pk": 13, "fields": {"name": "Can add reporting period config", "content_type": 4, "codename": "add_reportingperiodconfig"}}, {"model": "auth.permission", "pk": 14, "fields": {"name": "Can change reporting period config", "content_type": 4, "codename": "change_reportingperiodconfig"}}, {"model": "auth.permission", "pk": 15, "fields": {"name": "Can delete reporting period config", "content_type": 4, "codename": "delete_reportingperiodconfig"}}, {"model": "auth.permission", "pk": 16, "fields": {"name": "Can view reporting period config", "content_type": 4, "codename": "view_reportingperiodconfig"}}, {"model": "auth.permission", "pk": 17, "fields": {"name": "Can add transaction", "content_type": 5, "codename": "add_transaction"}}, {"model": "auth.permission", "pk": 18, "fields": {"name": "Can change transaction", "content_type": 5, "codename": "change_transaction"}}, {"model": "auth.permission", "pk": 19, "fields": {"name": "Can delete transaction", "content_type": 5, "codename": "delete_transaction"}}, {"model": "auth.permission", "pk": 20, "fields": {"name": "Can view transaction", "content_type": 5, "codename": "view_transaction"}}, {"model": "auth.permission", "pk": 21, "fields": {"name": "Can add journal", "content_type": 6, "codename": "add_journal"}}, {"model": "auth.permission", "pk": 22, "fields": {"name": "Can change journal", "content_type": 6, "codename": "change_journal"}}, {"model": "auth.permission", "pk": 23, "fields": {"name": "Can delete journal", "content_type": 6, "codename": "delete_journal"}}, {"model": "auth.permission", "pk": 24, "fields": {"name": "Can view journal", "content_type": 6, "codename": "view_journal"}}, {"model": "auth.permission", "pk": 25, "fields": {"name": "Can add result", "content_type": 7, "codename": "add_result"}}, {"model": "auth.permission", "pk": 26, "fields": {"name": "Can change result", "content_type": 7, "codename": "change_result"}}, {"model": "auth.permission", "pk": 27, "fields": {"name": "Can delete result", "content_type": 7, "codename": "delete_result"}}, {"model": "auth.permission", "pk": 28, "fields": {"name": "Can view result", "content_type": 7, "codename": "view_result"}}, {"model": "auth.permission", "pk": 29, "fields": {"name": "Can add customer", "content_type": 8, "codename": "add_customer"}}, {"model": "auth.permission", "pk": 30, "fields": {"name": "Can change customer", "content_type": 8, "codename": "change_customer"}}, {"model": "auth.permission", "pk": 31, "fields": {"name": "Can delete customer", "content_type": 8, "codename": "delete_customer"}}, {"model": "auth.permission", "pk": 32, "fields": {"name": "Can view customer", "content_type": 8, "codename": "view_customer"}}, {"model": "auth.permission", "pk": 33, "fields": {"name": "Can add customer email", "content_type": 9, "codename": "add_customeremail"}}, {"model": "auth.permission", "pk": 34, "fields": {"name": "Can change customer email", "content_type": 9, "codename": "change_customeremail"}}, {"model": "auth.permission", "pk": 35, "fields": {"name": "Can delete customer email", "content_type": 9, "codename": "delete_customeremail"}}, {"model": "auth.permission", "pk": 36, "fields": {"name": "Can view customer email", "content_type": 9, "codename": "view_customeremail"}}, {"model": "auth.permission", "pk": 37, "fields": {"name": "Can add customer type", "content_type": 10, "codename": "add_customertype"}}, {"model": "auth.permission", "pk": 38, "fields": {"name": "Can change customer type", "content_type": 10, "codename": "change_customertype"}}, {"model": "auth.permission", "pk": 39, "fields": {"name": "Can delete customer type", "content_type": 10, "codename": "delete_customertype"}}, {"model": "auth.permission", "pk": 40, "fields": {"name": "Can view customer type", "content_type": 10, "codename": "view_customertype"}}, {"model": "auth.permission", "pk": 41, "fields": {"name": "Can add telephone", "content_type": 11, "codename": "add_telephone"}}, {"model": "auth.permission", "pk": 42, "fields": {"name": "Can change telephone", "content_type": 11, "codename": "change_telephone"}}, {"model": "auth.permission", "pk": 43, "fields": {"name": "Can delete telephone", "content_type": 11, "codename": "delete_telephone"}}, {"model": "auth.permission", "pk": 44, "fields": {"name": "Can view telephone", "content_type": 11, "codename": "view_telephone"}}, {"model": "auth.permission", "pk": 45, "fields": {"name": "Can add customer address", "content_type": 12, "codename": "add_customeraddress"}}, {"model": "auth.permission", "pk": 46, "fields": {"name": "Can change customer address", "content_type": 12, "codename": "change_customeraddress"}}, {"model": "auth.permission", "pk": 47, "fields": {"name": "Can delete customer address", "content_type": 12, "codename": "delete_customeraddress"}}, {"model": "auth.permission", "pk": 48, "fields": {"name": "Can view customer address", "content_type": 12, "codename": "view_customeraddress"}}, {"model": "auth.permission", "pk": 49, "fields": {"name": "Can add customer note", "content_type": 13, "codename": "add_customernote"}}, {"model": "auth.permission", "pk": 50, "fields": {"name": "Can change customer note", "content_type": 13, "codename": "change_customernote"}}, {"model": "auth.permission", "pk": 51, "fields": {"name": "Can delete customer note", "content_type": 13, "codename": "delete_customernote"}}, {"model": "auth.permission", "pk": 52, "fields": {"name": "Can view customer note", "content_type": 13, "codename": "view_customernote"}}, {"model": "auth.permission", "pk": 53, "fields": {"name": "Can add customer image", "content_type": 14, "codename": "add_customerimage"}}, {"model": "auth.permission", "pk": 54, "fields": {"name": "Can change customer image", "content_type": 14, "codename": "change_customerimage"}}, {"model": "auth.permission", "pk": 55, "fields": {"name": "Can delete customer image", "content_type": 14, "codename": "delete_customerimage"}}, {"model": "auth.permission", "pk": 56, "fields": {"name": "Can view customer image", "content_type": 14, "codename": "view_customerimage"}}, {"model": "auth.permission", "pk": 57, "fields": {"name": "Can add inventory", "content_type": 15, "codename": "add_inventory"}}, {"model": "auth.permission", "pk": 58, "fields": {"name": "Can change inventory", "content_type": 15, "codename": "change_inventory"}}, {"model": "auth.permission", "pk": 59, "fields": {"name": "Can delete inventory", "content_type": 15, "codename": "delete_inventory"}}, {"model": "auth.permission", "pk": 60, "fields": {"name": "Can view inventory", "content_type": 15, "codename": "view_inventory"}}, {"model": "auth.permission", "pk": 61, "fields": {"name": "Can add Inventory Image", "content_type": 16, "codename": "add_inventoryimag"}}, {"model": "auth.permission", "pk": 62, "fields": {"name": "Can change Inventory Image", "content_type": 16, "codename": "change_inventoryimag"}}, {"model": "auth.permission", "pk": 63, "fields": {"name": "Can delete Inventory Image", "content_type": 16, "codename": "delete_inventoryimag"}}, {"model": "auth.permission", "pk": 64, "fields": {"name": "Can view Inventory Image", "content_type": 16, "codename": "view_inventoryimag"}}, {"model": "auth.permission", "pk": 65, "fields": {"name": "Can add inventory price", "content_type": 17, "codename": "add_inventoryprice"}}, {"model": "auth.permission", "pk": 66, "fields": {"name": "Can change inventory price", "content_type": 17, "codename": "change_inventoryprice"}}, {"model": "auth.permission", "pk": 67, "fields": {"name": "Can delete inventory price", "content_type": 17, "codename": "delete_inventoryprice"}}, {"model": "auth.permission", "pk": 68, "fields": {"name": "Can view inventory price", "content_type": 17, "codename": "view_inventoryprice"}}, {"model": "auth.permission", "pk": 69, "fields": {"name": "Can add inventory return", "content_type": 18, "codename": "add_inventoryreturn"}}, {"model": "auth.permission", "pk": 70, "fields": {"name": "Can change inventory return", "content_type": 18, "codename": "change_inventoryreturn"}}, {"model": "auth.permission", "pk": 71, "fields": {"name": "Can delete inventory return", "content_type": 18, "codename": "delete_inventoryreturn"}}, {"model": "auth.permission", "pk": 72, "fields": {"name": "Can view inventory return", "content_type": 18, "codename": "view_inventoryreturn"}}, {"model": "auth.permission", "pk": 73, "fields": {"name": "Can add pay invoice", "content_type": 19, "codename": "add_payinvoice"}}, {"model": "auth.permission", "pk": 74, "fields": {"name": "Can change pay invoice", "content_type": 19, "codename": "change_payinvoice"}}, {"model": "auth.permission", "pk": 75, "fields": {"name": "Can delete pay invoice", "content_type": 19, "codename": "delete_payinvoice"}}, {"model": "auth.permission", "pk": 76, "fields": {"name": "Can view pay invoice", "content_type": 19, "codename": "view_payinvoice"}}, {"model": "auth.permission", "pk": 77, "fields": {"name": "Can add payment sales term", "content_type": 20, "codename": "add_paymentsalesterm"}}, {"model": "auth.permission", "pk": 78, "fields": {"name": "Can change payment sales term", "content_type": 20, "codename": "change_paymentsalesterm"}}, {"model": "auth.permission", "pk": 79, "fields": {"name": "Can delete payment sales term", "content_type": 20, "codename": "delete_paymentsalesterm"}}, {"model": "auth.permission", "pk": 80, "fields": {"name": "Can view payment sales term", "content_type": 20, "codename": "view_paymentsalesterm"}}, {"model": "auth.permission", "pk": 81, "fields": {"name": "Can add purchase inventory", "content_type": 21, "codename": "add_purchaseinventory"}}, {"model": "auth.permission", "pk": 82, "fields": {"name": "Can change purchase inventory", "content_type": 21, "codename": "change_purchaseinventory"}}, {"model": "auth.permission", "pk": 83, "fields": {"name": "Can delete purchase inventory", "content_type": 21, "codename": "delete_purchaseinventory"}}, {"model": "auth.permission", "pk": 84, "fields": {"name": "Can view purchase inventory", "content_type": 21, "codename": "view_purchaseinventory"}}, {"model": "auth.permission", "pk": 85, "fields": {"name": "Can add inventory allowance", "content_type": 22, "codename": "add_inventoryallowance"}}, {"model": "auth.permission", "pk": 86, "fields": {"name": "Can change inventory allowance", "content_type": 22, "codename": "change_inventoryallowance"}}, {"model": "auth.permission", "pk": 87, "fields": {"name": "Can delete inventory allowance", "content_type": 22, "codename": "delete_inventoryallowance"}}, {"model": "auth.permission", "pk": 88, "fields": {"name": "Can view inventory allowance", "content_type": 22, "codename": "view_inventoryallowance"}}, {"model": "auth.permission", "pk": 89, "fields": {"name": "Can add sale", "content_type": 23, "codename": "add_sale"}}, {"model": "auth.permission", "pk": 90, "fields": {"name": "Can change sale", "content_type": 23, "codename": "change_sale"}}, {"model": "auth.permission", "pk": 91, "fields": {"name": "Can delete sale", "content_type": 23, "codename": "delete_sale"}}, {"model": "auth.permission", "pk": 92, "fields": {"name": "Can view sale", "content_type": 23, "codename": "view_sale"}}, {"model": "auth.permission", "pk": 93, "fields": {"name": "Can add sold_ item", "content_type": 24, "codename": "add_sold_item"}}, {"model": "auth.permission", "pk": 94, "fields": {"name": "Can change sold_ item", "content_type": 24, "codename": "change_sold_item"}}, {"model": "auth.permission", "pk": 95, "fields": {"name": "Can delete sold_ item", "content_type": 24, "codename": "delete_sold_item"}}, {"model": "auth.permission", "pk": 96, "fields": {"name": "Can view sold_ item", "content_type": 24, "codename": "view_sold_item"}}, {"model": "auth.permission", "pk": 97, "fields": {"name": "Can add sales return", "content_type": 25, "codename": "add_salesreturn"}}, {"model": "auth.permission", "pk": 98, "fields": {"name": "Can change sales return", "content_type": 25, "codename": "change_salesreturn"}}, {"model": "auth.permission", "pk": 99, "fields": {"name": "Can delete sales return", "content_type": 25, "codename": "delete_salesreturn"}}, {"model": "auth.permission", "pk": 100, "fields": {"name": "Can view sales return", "content_type": 25, "codename": "view_salesreturn"}}, {"model": "auth.permission", "pk": 101, "fields": {"name": "Can add sales allowance", "content_type": 26, "codename": "add_salesallowance"}}, {"model": "auth.permission", "pk": 102, "fields": {"name": "Can change sales allowance", "content_type": 26, "codename": "change_salesallowance"}}, {"model": "auth.permission", "pk": 103, "fields": {"name": "Can delete sales allowance", "content_type": 26, "codename": "delete_salesallowance"}}, {"model": "auth.permission", "pk": 104, "fields": {"name": "Can view sales allowance", "content_type": 26, "codename": "view_salesallowance"}}, {"model": "auth.permission", "pk": 105, "fields": {"name": "Can add sales payment", "content_type": 27, "codename": "add_salespayment"}}, {"model": "auth.permission", "pk": 106, "fields": {"name": "Can change sales payment", "content_type": 27, "codename": "change_salespayment"}}, {"model": "auth.permission", "pk": 107, "fields": {"name": "Can delete sales payment", "content_type": 27, "codename": "delete_salespayment"}}, {"model": "auth.permission", "pk": 108, "fields": {"name": "Can view sales payment", "content_type": 27, "codename": "view_salespayment"}}, {"model": "auth.permission", "pk": 109, "fields": {"name": "Can add supplier", "content_type": 28, "codename": "add_supplier"}}, {"model": "auth.permission", "pk": 110, "fields": {"name": "Can change supplier", "content_type": 28, "codename": "change_supplier"}}, {"model": "auth.permission", "pk": 111, "fields": {"name": "Can delete supplier", "content_type": 28, "codename": "delete_supplier"}}, {"model": "auth.permission", "pk": 112, "fields": {"name": "Can view supplier", "content_type": 28, "codename": "view_supplier"}}, {"model": "auth.permission", "pk": 113, "fields": {"name": "Can add permission", "content_type": 29, "codename": "add_permission"}}, {"model": "auth.permission", "pk": 114, "fields": {"name": "Can change permission", "content_type": 29, "codename": "change_permission"}}, {"model": "auth.permission", "pk": 115, "fields": {"name": "Can delete permission", "content_type": 29, "codename": "delete_permission"}}, {"model": "auth.permission", "pk": 116, "fields": {"name": "Can view permission", "content_type": 29, "codename": "view_permission"}}, {"model": "auth.permission", "pk": 117, "fields": {"name": "Can add group", "content_type": 30, "codename": "add_group"}}, {"model": "auth.permission", "pk": 118, "fields": {"name": "Can change group", "content_type": 30, "codename": "change_group"}}, {"model": "auth.permission", "pk": 119, "fields": {"name": "Can delete group", "content_type": 30, "codename": "delete_group"}}, {"model": "auth.permission", "pk": 120, "fields": {"name": "Can view group", "content_type": 30, "codename": "view_group"}}, {"model": "auth.permission", "pk": 121, "fields": {"name": "Can add user", "content_type": 31, "codename": "add_user"}}, {"model": "auth.permission", "pk": 122, "fields": {"name": "Can change user", "content_type": 31, "codename": "change_user"}}, {"model": "auth.permission", "pk": 123, "fields": {"name": "Can delete user", "content_type": 31, "codename": "delete_user"}}, {"model": "auth.permission", "pk": 124, "fields": {"name": "Can view user", "content_type": 31, "codename": "view_user"}}, {"model": "auth.permission", "pk": 125, "fields": {"name": "Can add content type", "content_type": 32, "codename": "add_contenttype"}}, {"model": "auth.permission", "pk": 126, "fields": {"name": "Can change content type", "content_type": 32, "codename": "change_contenttype"}}, {"model": "auth.permission", "pk": 127, "fields": {"name": "Can delete content type", "content_type": 32, "codename": "delete_contenttype"}}, {"model": "auth.permission", "pk": 128, "fields": {"name": "Can view content type", "content_type": 32, "codename": "view_contenttype"}}, {"model": "auth.permission", "pk": 129, "fields": {"name": "Can add session", "content_type": 33, "codename": "add_session"}}, {"model": "auth.permission", "pk": 130, "fields": {"name": "Can change session", "content_type": 33, "codename": "change_session"}}, {"model": "auth.permission", "pk": 131, "fields": {"name": "Can delete session", "content_type": 33, "codename": "delete_session"}}, {"model": "auth.permission", "pk": 132, "fields": {"name": "Can view session", "content_type": 33, "codename": "view_session"}}, {"model": "auth.permission", "pk": 133, "fields": {"name": "Can add category", "content_type": 34, "codename": "add_category"}}, {"model": "auth.permission", "pk": 134, "fields": {"name": "Can change category", "content_type": 34, "codename": "change_category"}}, {"model": "auth.permission", "pk": 135, "fields": {"name": "Can delete category", "content_type": 34, "codename": "delete_category"}}, {"model": "auth.permission", "pk": 136, "fields": {"name": "Can view category", "content_type": 34, "codename": "view_category"}}, {"model": "auth.permission", "pk": 137, "fields": {"name": "Can add Account", "content_type": 35, "codename": "add_accountmodel"}}, {"model": "auth.permission", "pk": 138, "fields": {"name": "Can change Account", "content_type": 35, "codename": "change_accountmodel"}}, {"model": "auth.permission", "pk": 139, "fields": {"name": "Can delete Account", "content_type": 35, "codename": "delete_accountmodel"}}, {"model": "auth.permission", "pk": 140, "fields": {"name": "Can view Account", "content_type": 35, "codename": "view_accountmodel"}}, {"model": "auth.permission", "pk": 141, "fields": {"name": "Can add Bill", "content_type": 36, "codename": "add_billmodel"}}, {"model": "auth.permission", "pk": 142, "fields": {"name": "Can change Bill", "content_type": 36, "codename": "change_billmodel"}}, {"model": "auth.permission", "pk": 143, "fields": {"name": "Can delete Bill", "content_type": 36, "codename": "delete_billmodel"}}, {"model": "auth.permission", "pk": 144, "fields": {"name": "Can view Bill", "content_type": 36, "codename": "view_billmodel"}}, {"model": "auth.permission", "pk": 145, "fields": {"name": "Can add Customer", "content_type": 37, "codename": "add_customermodel"}}, {"model": "auth.permission", "pk": 146, "fields": {"name": "Can change Customer", "content_type": 37, "codename": "change_customermodel"}}, {"model": "auth.permission", "pk": 147, "fields": {"name": "Can delete Customer", "content_type": 37, "codename": "delete_customermodel"}}, {"model": "auth.permission", "pk": 148, "fields": {"name": "Can view Customer", "content_type": 37, "codename": "view_customermodel"}}, {"model": "auth.permission", "pk": 149, "fields": {"name": "Can add entity management model", "content_type": 38, "codename": "add_entitymanagementmodel"}}, {"model": "auth.permission", "pk": 150, "fields": {"name": "Can change entity management model", "content_type": 38, "codename": "change_entitymanagementmodel"}}, {"model": "auth.permission", "pk": 151, "fields": {"name": "Can delete entity management model", "content_type": 38, "codename": "delete_entitymanagementmodel"}}, {"model": "auth.permission", "pk": 152, "fields": {"name": "Can view entity management model", "content_type": 38, "codename": "view_entitymanagementmodel"}}, {"model": "auth.permission", "pk": 153, "fields": {"name": "Can add Entity", "content_type": 39, "codename": "add_entitymodel"}}, {"model": "auth.permission", "pk": 154, "fields": {"name": "Can change Entity", "content_type": 39, "codename": "change_entitymodel"}}, {"model": "auth.permission", "pk": 155, "fields": {"name": "Can delete Entity", "content_type": 39, "codename": "delete_entitymodel"}}, {"model": "auth.permission", "pk": 156, "fields": {"name": "Can view Entity", "content_type": 39, "codename": "view_entitymodel"}}, {"model": "auth.permission", "pk": 157, "fields": {"name": "Can add Entity Unit Model", "content_type": 40, "codename": "add_entityunitmodel"}}, {"model": "auth.permission", "pk": 158, "fields": {"name": "Can change Entity Unit Model", "content_type": 40, "codename": "change_entityunitmodel"}}, {"model": "auth.permission", "pk": 159, "fields": {"name": "Can delete Entity Unit Model", "content_type": 40, "codename": "delete_entityunitmodel"}}, {"model": "auth.permission", "pk": 160, "fields": {"name": "Can view Entity Unit Model", "content_type": 40, "codename": "view_entityunitmodel"}}, {"model": "auth.permission", "pk": 161, "fields": {"name": "Can add Import Job Model", "content_type": 41, "codename": "add_importjobmodel"}}, {"model": "auth.permission", "pk": 162, "fields": {"name": "Can change Import Job Model", "content_type": 41, "codename": "change_importjobmodel"}}, {"model": "auth.permission", "pk": 163, "fields": {"name": "Can delete Import Job Model", "content_type": 41, "codename": "delete_importjobmodel"}}, {"model": "auth.permission", "pk": 164, "fields": {"name": "Can view Import Job Model", "content_type": 41, "codename": "view_importjobmodel"}}, {"model": "auth.permission", "pk": 165, "fields": {"name": "Can add Invoice", "content_type": 42, "codename": "add_invoicemodel"}}, {"model": "auth.permission", "pk": 166, "fields": {"name": "Can change Invoice", "content_type": 42, "codename": "change_invoicemodel"}}, {"model": "auth.permission", "pk": 167, "fields": {"name": "Can delete Invoice", "content_type": 42, "codename": "delete_invoicemodel"}}, {"model": "auth.permission", "pk": 168, "fields": {"name": "Can view Invoice", "content_type": 42, "codename": "view_invoicemodel"}}, {"model": "auth.permission", "pk": 169, "fields": {"name": "Can add item model", "content_type": 43, "codename": "add_itemmodel"}}, {"model": "auth.permission", "pk": 170, "fields": {"name": "Can change item model", "content_type": 43, "codename": "change_itemmodel"}}, {"model": "auth.permission", "pk": 171, "fields": {"name": "Can delete item model", "content_type": 43, "codename": "delete_itemmodel"}}, {"model": "auth.permission", "pk": 172, "fields": {"name": "Can view item model", "content_type": 43, "codename": "view_itemmodel"}}, {"model": "auth.permission", "pk": 173, "fields": {"name": "Can add item through model", "content_type": 44, "codename": "add_itemthroughmodel"}}, {"model": "auth.permission", "pk": 174, "fields": {"name": "Can change item through model", "content_type": 44, "codename": "change_itemthroughmodel"}}, {"model": "auth.permission", "pk": 175, "fields": {"name": "Can delete item through model", "content_type": 44, "codename": "delete_itemthroughmodel"}}, {"model": "auth.permission", "pk": 176, "fields": {"name": "Can view item through model", "content_type": 44, "codename": "view_itemthroughmodel"}}, {"model": "auth.permission", "pk": 177, "fields": {"name": "Can add Journal Entry", "content_type": 45, "codename": "add_journalentrymodel"}}, {"model": "auth.permission", "pk": 178, "fields": {"name": "Can change Journal Entry", "content_type": 45, "codename": "change_journalentrymodel"}}, {"model": "auth.permission", "pk": 179, "fields": {"name": "Can delete Journal Entry", "content_type": 45, "codename": "delete_journalentrymodel"}}, {"model": "auth.permission", "pk": 180, "fields": {"name": "Can view Journal Entry", "content_type": 45, "codename": "view_journalentrymodel"}}, {"model": "auth.permission", "pk": 181, "fields": {"name": "Can add Vendor", "content_type": 46, "codename": "add_vendormodel"}}, {"model": "auth.permission", "pk": 182, "fields": {"name": "Can change Vendor", "content_type": 46, "codename": "change_vendormodel"}}, {"model": "auth.permission", "pk": 183, "fields": {"name": "Can delete Vendor", "content_type": 46, "codename": "delete_vendormodel"}}, {"model": "auth.permission", "pk": 184, "fields": {"name": "Can view Vendor", "content_type": 46, "codename": "view_vendormodel"}}, {"model": "auth.permission", "pk": 185, "fields": {"name": "Can add unit of measure model", "content_type": 47, "codename": "add_unitofmeasuremodel"}}, {"model": "auth.permission", "pk": 186, "fields": {"name": "Can change unit of measure model", "content_type": 47, "codename": "change_unitofmeasuremodel"}}, {"model": "auth.permission", "pk": 187, "fields": {"name": "Can delete unit of measure model", "content_type": 47, "codename": "delete_unitofmeasuremodel"}}, {"model": "auth.permission", "pk": 188, "fields": {"name": "Can view unit of measure model", "content_type": 47, "codename": "view_unitofmeasuremodel"}}, {"model": "auth.permission", "pk": 189, "fields": {"name": "Can add Transaction", "content_type": 48, "codename": "add_transactionmodel"}}, {"model": "auth.permission", "pk": 190, "fields": {"name": "Can change Transaction", "content_type": 48, "codename": "change_transactionmodel"}}, {"model": "auth.permission", "pk": 191, "fields": {"name": "Can delete Transaction", "content_type": 48, "codename": "delete_transactionmodel"}}, {"model": "auth.permission", "pk": 192, "fields": {"name": "Can view Transaction", "content_type": 48, "codename": "view_transactionmodel"}}, {"model": "auth.permission", "pk": 193, "fields": {"name": "Can add Staged Transaction Model", "content_type": 49, "codename": "add_stagedtransactionmodel"}}, {"model": "auth.permission", "pk": 194, "fields": {"name": "Can change Staged Transaction Model", "content_type": 49, "codename": "change_stagedtransactionmodel"}}, {"model": "auth.permission", "pk": 195, "fields": {"name": "Can delete Staged Transaction Model", "content_type": 49, "codename": "delete_stagedtransactionmodel"}}, {"model": "auth.permission", "pk": 196, "fields": {"name": "Can view Staged Transaction Model", "content_type": 49, "codename": "view_stagedtransactionmodel"}}, {"model": "auth.permission", "pk": 197, "fields": {"name": "Can add purchase order model", "content_type": 50, "codename": "add_purchaseordermodel"}}, {"model": "auth.permission", "pk": 198, "fields": {"name": "Can change purchase order model", "content_type": 50, "codename": "change_purchaseordermodel"}}, {"model": "auth.permission", "pk": 199, "fields": {"name": "Can delete purchase order model", "content_type": 50, "codename": "delete_purchaseordermodel"}}, {"model": "auth.permission", "pk": 200, "fields": {"name": "Can view purchase order model", "content_type": 50, "codename": "view_purchaseordermodel"}}, {"model": "auth.permission", "pk": 201, "fields": {"name": "Can add Ledger", "content_type": 51, "codename": "add_ledgermodel"}}, {"model": "auth.permission", "pk": 202, "fields": {"name": "Can change Ledger", "content_type": 51, "codename": "change_ledgermodel"}}, {"model": "auth.permission", "pk": 203, "fields": {"name": "Can delete Ledger", "content_type": 51, "codename": "delete_ledgermodel"}}, {"model": "auth.permission", "pk": 204, "fields": {"name": "Can view Ledger", "content_type": 51, "codename": "view_ledgermodel"}}, {"model": "auth.permission", "pk": 205, "fields": {"name": "Can add Chart of Account", "content_type": 52, "codename": "add_chartofaccountmodel"}}, {"model": "auth.permission", "pk": 206, "fields": {"name": "Can change Chart of Account", "content_type": 52, "codename": "change_chartofaccountmodel"}}, {"model": "auth.permission", "pk": 207, "fields": {"name": "Can delete Chart of Account", "content_type": 52, "codename": "delete_chartofaccountmodel"}}, {"model": "auth.permission", "pk": 208, "fields": {"name": "Can view Chart of Account", "content_type": 52, "codename": "view_chartofaccountmodel"}}, {"model": "auth.permission", "pk": 209, "fields": {"name": "Can add Bank Account", "content_type": 53, "codename": "add_bankaccountmodel"}}, {"model": "auth.permission", "pk": 210, "fields": {"name": "Can change Bank Account", "content_type": 53, "codename": "change_bankaccountmodel"}}, {"model": "auth.permission", "pk": 211, "fields": {"name": "Can delete Bank Account", "content_type": 53, "codename": "delete_bankaccountmodel"}}, {"model": "auth.permission", "pk": 212, "fields": {"name": "Can view Bank Account", "content_type": 53, "codename": "view_bankaccountmodel"}}, {"model": "auth.user", "pk": 1, "fields": {"password": "pbkdf2_sha256$260000$xnw3ARmckh0xvNWWGfgNgR$PMNdQ0TZmlCJXJoMutpmnCD32ZYAWxZXyRM3IaykJjI=", "last_login": "2022-03-19T11:05:07.035Z", "is_superuser": false, "username": "ahmed", "first_name": "", "last_name": "", "email": "ahmed0salam22@gmail.com", "is_staff": false, "is_active": true, "date_joined": "2021-07-17T20:36:11.237Z", "groups": [], "user_permissions": []}}, {"model": "auth.user", "pk": 2, "fields": {"password": "pbkdf2_sha256$260000$sklR6CpJiAKl17Aanrr9n4$D0jawPPZUFye1BcQ0xIzWswafSquglFwfq7ZiW/V2Qg=", "last_login": "2022-02-26T21:00:40.851Z", "is_superuser": true, "username": "admin", "first_name": "", "last_name": "", "email": "", "is_staff": true, "is_active": true, "date_joined": "2021-07-19T13:16:34.672Z", "groups": [], "user_permissions": []}}, {"model": "auth.user", "pk": 3, "fields": {"password": "pbkdf2_sha256$216000$Guc12M6IJ56O$fte07OiqbiHezuOlQwjTshTTmwqZPjqOJ7X5mPVr9qo=", "last_login": "2021-08-14T16:16:37.832Z", "is_superuser": false, "username": "demo", "first_name": "", "last_name": "", "email": "ahmed0salam22@gmail.com", "is_staff": false, "is_active": true, "date_joined": "2021-08-14T16:16:34.039Z", "groups": [], "user_permissions": []}}, {"model": "auth.user", "pk": 4, "fields": {"password": "pbkdf2_sha256$216000$bISGAZHeHwO3$FSkRe04xloYyQQEGz3pKdU6siNhNOqCHYoMqTlt0q6c=", "last_login": "2021-08-27T13:52:34.187Z", "is_superuser": false, "username": "demo1", "first_name": "", "last_name": "", "email": "ahmed0salam22@gmail.com", "is_staff": false, "is_active": true, "date_joined": "2021-08-27T13:52:32.838Z", "groups": [], "user_permissions": []}}, {"model": "auth.user", "pk": 5, "fields": {"password": "pbkdf2_sha256$260000$gNpFTk5mb5b1U6dWZcOSFu$eZdgErMZwDD+D+Rcj3d1b5KKBE0qG0ktIPZ1bWEKXHg=", "last_login": "2021-10-04T09:27:57.816Z", "is_superuser": false, "username": "test", "first_name": "", "last_name": "", "email": "ahmed0salam22@gmail.com", "is_staff": false, "is_active": true, "date_joined": "2021-10-04T09:27:53.683Z", "groups": [], "user_permissions": []}}, {"model": "auth.user", "pk": 6, "fields": {"password": "pbkdf2_sha256$260000$OuRR6DmuJnhDuQ6rZ4Crui$/uNyARv78Lkt2oXK7sRLp/63Z5+Sw18FomVY878CCEk=", "last_login": "2021-11-11T18:29:25.115Z", "is_superuser": false, "username": "demo2", "first_name": "", "last_name": "", "email": "ahmed0salam22@gmail.com", "is_staff": false, "is_active": true, "date_joined": "2021-11-11T18:29:22.924Z", "groups": [], "user_permissions": []}}, {"model": "contenttypes.contenttype", "pk": 1, "fields": {"app_label": "admin", "model": "logentry"}}, {"model": "contenttypes.contenttype", "pk": 2, "fields": {"app_label": "projects", "model": "projects"}}, {"model": "contenttypes.contenttype", "pk": 3, "fields": {"app_label": "sole_proprietorship", "model": "accounts"}}, {"model": "contenttypes.contenttype", "pk": 4, "fields": {"app_label": "sole_proprietorship", "model": "reportingperiodconfig"}}, {"model": "contenttypes.contenttype", "pk": 5, "fields": {"app_label": "sole_proprietorship", "model": "transaction"}}, {"model": "contenttypes.contenttype", "pk": 6, "fields": {"app_label": "sole_proprietorship", "model": "journal"}}, {"model": "contenttypes.contenttype", "pk": 7, "fields": {"app_label": "result", "model": "result"}}, {"model": "contenttypes.contenttype", "pk": 8, "fields": {"app_label": "Customers_Sales", "model": "customer"}}, {"model": "contenttypes.contenttype", "pk": 9, "fields": {"app_label": "Customers_Sales", "model": "customeremail"}}, {"model": "contenttypes.contenttype", "pk": 10, "fields": {"app_label": "Customers_Sales", "model": "customertype"}}, {"model": "contenttypes.contenttype", "pk": 11, "fields": {"app_label": "Customers_Sales", "model": "telephone"}}, {"model": "contenttypes.contenttype", "pk": 12, "fields": {"app_label": "Customers_Sales", "model": "customeraddress"}}, {"model": "contenttypes.contenttype", "pk": 13, "fields": {"app_label": "Customers_Sales", "model": "customernote"}}, {"model": "contenttypes.contenttype", "pk": 14, "fields": {"app_label": "Customers_Sales", "model": "customerimage"}}, {"model": "contenttypes.contenttype", "pk": 15, "fields": {"app_label": "inventory", "model": "inventory"}}, {"model": "contenttypes.contenttype", "pk": 16, "fields": {"app_label": "inventory", "model": "inventoryimag"}}, {"model": "contenttypes.contenttype", "pk": 17, "fields": {"app_label": "inventory", "model": "inventoryprice"}}, {"model": "contenttypes.contenttype", "pk": 18, "fields": {"app_label": "inventory", "model": "inventoryreturn"}}, {"model": "contenttypes.contenttype", "pk": 19, "fields": {"app_label": "inventory", "model": "payinvoice"}}, {"model": "contenttypes.contenttype", "pk": 20, "fields": {"app_label": "inventory", "model": "paymentsalesterm"}}, {"model": "contenttypes.contenttype", "pk": 21, "fields": {"app_label": "inventory", "model": "purchaseinventory"}}, {"model": "contenttypes.contenttype", "pk": 22, "fields": {"app_label": "inventory", "model": "inventoryallowance"}}, {"model": "contenttypes.contenttype", "pk": 23, "fields": {"app_label": "inventory", "model": "sale"}}, {"model": "contenttypes.contenttype", "pk": 24, "fields": {"app_label": "inventory", "model": "sold_item"}}, {"model": "contenttypes.contenttype", "pk": 25, "fields": {"app_label": "inventory", "model": "salesreturn"}}, {"model": "contenttypes.contenttype", "pk": 26, "fields": {"app_label": "inventory", "model": "salesallowance"}}, {"model": "contenttypes.contenttype", "pk": 27, "fields": {"app_label": "inventory", "model": "salespayment"}}, {"model": "contenttypes.contenttype", "pk": 28, "fields": {"app_label": "suppliers", "model": "supplier"}}, {"model": "contenttypes.contenttype", "pk": 29, "fields": {"app_label": "auth", "model": "permission"}}, {"model": "contenttypes.contenttype", "pk": 30, "fields": {"app_label": "auth", "model": "group"}}, {"model": "contenttypes.contenttype", "pk": 31, "fields": {"app_label": "auth", "model": "user"}}, {"model": "contenttypes.contenttype", "pk": 32, "fields": {"app_label": "contenttypes", "model": "contenttype"}}, {"model": "contenttypes.contenttype", "pk": 33, "fields": {"app_label": "sessions", "model": "session"}}, {"model": "contenttypes.contenttype", "pk": 34, "fields": {"app_label": "inventory", "model": "category"}}, {"model": "contenttypes.contenttype", "pk": 35, "fields": {"app_label": "django_ledger", "model": "accountmodel"}}, {"model": "contenttypes.contenttype", "pk": 36, "fields": {"app_label": "django_ledger", "model": "billmodel"}}, {"model": "contenttypes.contenttype", "pk": 37, "fields": {"app_label": "django_ledger", "model": "customermodel"}}, {"model": "contenttypes.contenttype", "pk": 38, "fields": {"app_label": "django_ledger", "model": "entitymanagementmodel"}}, {"model": "contenttypes.contenttype", "pk": 39, "fields": {"app_label": "django_ledger", "model": "entitymodel"}}, {"model": "contenttypes.contenttype", "pk": 40, "fields": {"app_label": "django_ledger", "model": "entityunitmodel"}}, {"model": "contenttypes.contenttype", "pk": 41, "fields": {"app_label": "django_ledger", "model": "importjobmodel"}}, {"model": "contenttypes.contenttype", "pk": 42, "fields": {"app_label": "django_ledger", "model": "invoicemodel"}}, {"model": "contenttypes.contenttype", "pk": 43, "fields": {"app_label": "django_ledger", "model": "itemmodel"}}, {"model": "contenttypes.contenttype", "pk": 44, "fields": {"app_label": "django_ledger", "model": "itemthroughmodel"}}, {"model": "contenttypes.contenttype", "pk": 45, "fields": {"app_label": "django_ledger", "model": "journalentrymodel"}}, {"model": "contenttypes.contenttype", "pk": 46, "fields": {"app_label": "django_ledger", "model": "vendormodel"}}, {"model": "contenttypes.contenttype", "pk": 47, "fields": {"app_label": "django_ledger", "model": "unitofmeasuremodel"}}, {"model": "contenttypes.contenttype", "pk": 48, "fields": {"app_label": "django_ledger", "model": "transactionmodel"}}, {"model": "contenttypes.contenttype", "pk": 49, "fields": {"app_label": "django_ledger", "model": "stagedtransactionmodel"}}, {"model": "contenttypes.contenttype", "pk": 50, "fields": {"app_label": "django_ledger", "model": "purchaseordermodel"}}, {"model": "contenttypes.contenttype", "pk": 51, "fields": {"app_label": "django_ledger", "model": "ledgermodel"}}, {"model": "contenttypes.contenttype", "pk": 52, "fields": {"app_label": "django_ledger", "model": "chartofaccountmodel"}}, {"model": "contenttypes.contenttype", "pk": 53, "fields": {"app_label": "django_ledger", "model": "bankaccountmodel"}}, {"model": "sessions.session", "pk": "1wn81xy9of275ox7lr4qxzvb01e4m3nl", "fields": {"session_data": ".eJxVjMsKgzAURP8l6xLyvFGX3fcbws3DqpWkRAMF8d-r4KLdzGLmzNmIxboOti6x2DGQjnBy--0c-ldM5xAmTM9MfU5rGR09EXqtC33kEOf7xf4JBlyG4y2ZUIGjMY0_UhjmAASC1BKCcZ6pYBqBWjsmW-AeAdBx7FsVe26i9Ic0ft65rHbKtSScSbft-xdaxT78:1mlF5E:j6Y4wnLKNqraeQ10IsfFizpBL2Yq01No3jfdoW0Q4Sg", "expire_date": "2021-11-25T18:46:00.047Z"}}, {"model": "sessions.session", "pk": "7u7ud4h4k6mug3rfo57x7d1x9b0f7vgm", "fields": {"session_data": ".eJxVjEEOgjAURO_StWnaUn9bl-45A_nlTwU1kFBYGe-uJCx0O--9eamOt3XotoqlG0VdlFWn3y1z_8C0A7nzdJt1P0_rMma9K_qgVbez4Hk93L-DgevwrYkYVJzlgOxR3JkQkKKFpIKmZLLROxZj2RcgwUgwPubkmighCqn3BwPOOH4:1mCo9l:yZ8UdAubHgk90fvkNWrH1zc5IfjkyyR6xDSZjC0ciuI", "expire_date": "2021-08-22T19:08:21.790Z"}}, {"model": "sessions.session", "pk": "9i2mohp6fetbsip7kveimjrzsjygvsg4", "fields": {"session_data": ".eJxVjMsOgyAQRf-FdUMEKQ-X3fcbyOAMVWvAoCZNjP9eTVy023vOPRvzsC6dX2cqvkfWMMFuv1uA9k3pBDhAemXe5rSUPvBT4Red-TMjjY_L_Qt0MHfHW2sgHaUAQ0FRlHdNhpwVhC5SHYMWVknASoCKRI4qNJWywcnaorGojyh9plwWP-S1JBhZs-37F7l3QBw:1mCoAZ:11oYotp6LF7bGAFn-uAn6NXQbF2Tn4o123ll2mVk2oA", "expire_date": "2021-08-22T19:09:11.625Z"}}, {"model": "sessions.session", "pk": "d8ef1501qrb21b2z74iiqsqejmopu0uk", "fields": {"session_data": ".eJxVjMsKgzAURP8l6xLyvFGX3fcbws3DqpWkRAMF8d-r4KLdzGLmzNmIxboOti6x2DGQjnBy--0c-ldM5xAmTM9MfU5rGR09EXqtC33kEOf7xf4JBlyG4y2ZUIGjMY0_UhjmAASC1BKCcZ6pYBqBWjsmW-AeAdBx7FsVe26i9Ic0ft65rHbKtSScSbft-xdaxT78:1nJKa1:JIHt6zNNJaYRiqyhhoUR1wLgkc7op5ekp6tbj1O5wSc", "expire_date": "2022-02-27T19:30:41.300Z"}}, {"model": "sessions.session", "pk": "fnt7lkp6tmwklgbk6yjaskb2jixvb8zt", "fields": {"session_data": ".eJxVjMsKgzAURP8l6xLyvFGX3fcbws3DqpWkRAMF8d-r4KLdzGLmzNmIxboOti6x2DGQjnBy--0c-ldM5xAmTM9MfU5rGR09EXqtC33kEOf7xf4JBlyG4y2ZUIGjMY0_UhjmAASC1BKCcZ6pYBqBWjsmW-AeAdBx7FsVe26i9Ic0ft65rHbKtSScSbft-xdaxT78:1mjJVv:OBR8vVqMjkZ7TVfiOLkJ6hDblZpngPuNHcQdegS6wEs", "expire_date": "2021-11-20T11:05:35.464Z"}}, {"model": "sessions.session", "pk": "lowxs34612c51obdvsrlan35kszf11y8", "fields": {"session_data": ".eJxVjDsOwjAQRO_iGln-7iaU9DmDtWs7OIAcKU4qxN1JpBTQTDHvzbxFoG0tYWt5CVMSV6HF5bdjis9cD5AeVO-zjHNdl4nlociTNjnMKb9up_t3UKiVfW2VcUkTYhf3NKgYwBBYbyEhR-USdoa8Z2V70JEAiDWNvcujxmyj-HwBu403Xg:1nVWtP:W6BQcYyJz0Otf94yrtRNwqemKz_1-H-KXH6KsPkyRrM", "expire_date": "2022-04-02T11:05:07.532Z"}}, {"model": "sessions.session", "pk": "qz25f1gwd1smnto2nm6glpq4bysuvhuj", "fields": {"session_data": ".eJxVjEEOwiAQRe_C2hCGgoBL956BTGFGqgaS0q6Md7dNutDtf-_9t4i4LiWuneY4ZXERWpx-txHTk-oO8gPrvcnU6jJPo9wVedAuby3T63q4fwcFe9lqRkseVAIATcTGozvbPBjrXNYKvQ0qgAH2Q06b4QMhMhOrwTjljBafL9cMN3M:1m5T9u:z6w4xViwJXNsh5QHvKASqZoJqLjVEtRI5ci97uLoOi0", "expire_date": "2021-08-02T13:18:10.715Z"}}, {"model": "sessions.session", "pk": "z4uvvpycksvbikcfus3zmtlbcigg0wlo", "fields": {"session_data": ".eJxVkF9rwjAUxb9Ln7eSpG2ivilsjmHZZFTQl3Dzp5quTaRNqVP87kuHiINwIef87jlwLxGH3h943-mWGxXNIhw9PWoC5Le2o6EqsHsXS2d9a0Q8IvHN7eLcKV0vbuy_gAN0h7CdIJIqDIxNZJiEIUEpAZpkCVVMSJQqNiGQZQIlU4olUAoCQzlNdYmZTmQI1aejaz2vXN9aqKPZJZJdWzZGqVoP0GrvQnuoguqFfS7fbbZz2zT_mMxPW_R6IlCs1iDO_lxt9kX2kwzFspxv0OItn6t1v_o6ZlNTDAY3oUqB15zvvQ5xBBH8jEh4d6P-M8JXQA1W3tFH5c5I1zTaes7NeDowthv16_UXOK17tA:1mQC25:RlOVFlDz3xN9BVDP9dsnXJdHhmhdFVLLZKgNtb3pmfY", "expire_date": "2021-09-28T17:15:45.778Z"}}]